
{
    "entertainment": -5.99767910227545,
    "food_dining": -6.404735752795461,
    "gas_transport": -5.356777072857719,
    "grocery_net": -5.823619783590591,
    "grocery_pos": -4.247552251880877,
    "health_fitness": -6.468795588488096,
    "home": -6.430997579134251,
    "kids_pets": -6.156872604492921,
    "misc_net": -4.2219476704292545,
    "misc_pos": -5.760855699682501,
    "personal_care": -6.01989738470949,
    "shopping_net": -4.0243295690136875,
    "shopping_pos": -4.922903286545302,
    "travel": -5.852772075748219
}